station,lat,lon,k,G,z,d,Q,quality,method
C11-44,-56.5667,34.1833,0.77,300.0,11.0,5372.0,229.0,S3,Unconsolidated sediments
C11-45,-56.3,51.9667,0.72,19.0,11.0,5386.0,14.0,S3,Unconsolidated sediments
C11-47,-52.7,54.0,0.72,90.0,11.0,4585.0,65.0,S3,Unconsolidated sediments
C11-48,-50.4667,59.5833,0.75,360.0,7.0,4839.0,271.0,S3,Unconsolidated sediments
C11-49,-50.3167,61.2,0.68,120.0,11.0,4640.0,81.0,S3,Unconsolidated sediments
GEOSECS 7-1 ,-61.4617,170.1817,0.68,87.0,2.0,4000.0,59.0,S1,Unconsolidated sediments
GEOSECS 7-2 ,-61.0717,170.1033,0.68,140.0,2.0,3764.0,95.0,S1,Unconsolidated sediments
GEOSECS 7-3 ,-62.4667,170.05,0.75,116.0,2.0,2198.0,87.0,S1,Unconsolidated sediments
GEOSECS 7-4 ,-62.9833,170.0,0.75,142.0,2.0,2364.0,106.0,S1,Unconsolidated sediments
GEOSECS 7-6 ,-64.1333,169.9833,0.75,154.0,2.0,3091.0,116.0,S1,Unconsolidated sediments
GEOSECS 7-7 ,-64.6333,170.0,0.75,150.0,2.0,3182.0,113.0,S1,Unconsolidated sediments
GEOSECS 7-8 ,-69.0333,-172.9667,0.69,69.0,2.0,4150.0,47.0,S1,Unconsolidated sediments
GEOSECS 7-9 ,-67.7333,-174.0,0.69,104.0,2.0,3810.0,69.0,S1,Unconsolidated sediments
GEOSECS 7-10,-61.9867,-174.0,0.67,103.0,2.0,3962.0,69.0,S1,Unconsolidated sediments
GEOSECS 7-11,-59.0,-175.5833,0.71,247.0,2.0,5034.0,176.0,S1,Unconsolidated sediments
GEOSECS 7-12,-55.6,-175.82,0.72,84.0,2.0,5159.0,60.0,S1,Unconsolidated sediments
GEOSECS 7-13,-55.1417,-176.1333,0.72,96.0,2.0,5295.0,69.0,S1,Unconsolidated sediments
GEOSECS 7-14,-54.0,-176.75,0.72,103.0,2.0,5401.0,74.0,S1,Unconsolidated sediments
GEOSECS 7-15,-53.1333,-177.5917,0.75,99.0,2.0,5379.0,75.0,S1,Unconsolidated sediments
GEOSECS 7-16,-53.2167,-178.1567,0.75,89.0,2.0,5275.0,67.0,S1,Unconsolidated sediments
MONSOON 7-50,-57.9667,168.8833,0.79,55.0,1.0,5240.0,44.0,S1,Unconsolidated sediments
MONSOON 7-51,-60.9667,170.2833,0.68,131.0,2.0,4755.0,89.0,S1,Unconsolidated sediments
MONSOON 7-52,-63.0833,178.4667,0.66,52.0,2.0,3850.0,34.0,S1,Unconsolidated sediments
MONSOON 7-53,-64.2167,-165.9,0.69,72.0,2.0,2920.0,49.0,S1,Unconsolidated sediments
MONSOON 7-54,-63.2833,-166.9167,0.7,61.0,1.0,2640.0,43.0,S1,Unconsolidated sediments
MONSOON 7-57,-54.5167,-177.1833,0.72,67.0,2.0,5320.0,48.0,S1,Unconsolidated sediments
MONSOON 7-58,-51.1,179.8167,0.75,70.0,2.0,4835.0,53.0,S1,Unconsolidated sediments
ANT008St6 ,-76.0667,164.8833,0.68,98.0,1.4,912.0,66.3,S2,Unconsolidated sediments
ANT009ST9 ,-74.4833,168.1667,0.73,108.0,2.4,909.0,73.3,S2,Unconsolidated sediments
DVDP-3/Ross Island,-77.85,166.675,2.01,45.0,40.0,48.0,92.0,R2,Bedrock borehole
DVDP-3/Ross Island,-77.85,166.675,2.26,37.0,60.0,48.0,84.0,R2,Bedrock borehole
DVDP-3/Ross Island,-77.85,166.675,2.47,30.0,60.0,48.0,75.0,R2,Bedrock borehole
DVDP-6/Lake Vida,-77.38,161.81,2.64,33.0,130.0,349.0,88.0,R2,Bedrock borehole
DVDP-6/Lake Vida,-77.38,161.81,3.39,26.0,45.0,349.0,85.0,R2,Bedrock borehole
DVDP-6/Lake Vida,-77.38,161.81,3.39,26.0,115.0,349.0,85.0,R2,Bedrock borehole
DVDP-8 New Harbor,-77.5783,163.5117,1.92,64.0,105.0,135.0,124.0,R2,Bedrock borehole
DVDP-10 New Harbor,-77.5783,163.5117,1.92,61.0,100.0,160.0,117.0,R2,Bedrock borehole
DVDP-11/Commonwe,-77.59,163.4117,1.92,48.0,210.0,80.0,92.0,R2,Bedrock borehole
DVDP-12/Lake Leon,-77.6333,162.8533,3.47,29.0,20.0,75.0,100.0,R2,Bedrock borehole
DVDP-14/North Fork,-77.54,161.4067,2.93,48.0,30.0,68.0,142.0,R2,Bedrock borehole
DVDP-15/McMurdo So,-77.4367,164.38,2.93,32.0,25.0,122.0,73.0,R2,Bedrock borehole
CRP-3 ,-77.006,163.719,2.1,28.5,900.0,900.0,60.0,R2,Bedrock borehole
Mt. Billing ,-75.68,160.8033,2.1,12.0,102.0,102.0,25.0,I1,Ice borehole
Mt. Howard,-75.6583,161.2133,2.1,24.0,83.0,83.0,50.0,I1,Ice borehole
Ricker Hills,-75.7583,158.84,2.1,13.0,51.0,51.0,27.0,I1,Ice borehole
Drygalsky02 ,-75.0208,165.9194,1.3,94.0,3.0,1020.0,125.0,S1,Unconsolidated sediments
Drygalsky02 ,-75.06,165.71,1.3,95.0,3.0,1032.0,121.0,S1,Unconsolidated sediments
Drygalsky03 ,-75.13,165.29,0.9,57.0,2.0,1060.0,51.0,S1,Unconsolidated sediments
Terror Rift04,-76.12,165.12,1.3,77.0,4.0,865.0,100.0,S2,Unconsolidated sediments
Terror Rift05,-76.16,165.09,1.1,83.0,4.0,870.0,91.0,S2,Unconsolidated sediments
Terror Rift06,-76.16,165.07,0.9,109.0,4.0,870.0,98.0,S1,Unconsolidated sediments
Terror Rift07,-76.1,164.99,1.1,72.0,3.0,885.0,78.0,S1,Unconsolidated sediments
Terror Rift08,-76.11,164.99,1.0,99.0,3.0,875.0,103.0,S1,Unconsolidated sediments
Terror Rift09,-76.04,164.99,0.9,91.0,4.0,875.0,87.0,S2,Unconsolidated sediments
Terror Rift10,-76.04,165.0,1.1,88.0,4.0,880.0,100.0,S2,Unconsolidated sediments
Terror Rift11,-76.05,164.89,1.2,88.0,4.0,885.0,105.0,S2,Unconsolidated sediments
Terror Rift12,-76.05,164.92,1.0,123.0,4.0,893.0,118.0,S2,Unconsolidated sediments
BDIS2.1 ,-63.39,-68.45,0.99,110.0,5.2,3559.0,122.0,S3,Unconsolidated sediments
BDIS2.2 ,-63.38,-68.43,1.09,105.0,5.2,3560.0,129.0,S3,Unconsolidated sediments
BDIS2.3 ,-63.37,-68.41,1.07,104.0,5.2,3558.0,124.0,S3,Unconsolidated sediments
BDIS2.4 ,-63.36,-68.41,1.03,107.0,5.2,3561.0,123.0,S3,Unconsolidated sediments
BDIS2.5 ,-63.36,-68.42,1.1,107.0,5.2,3568.0,118.0,S3,Unconsolidated sediments
BDIS2.6 ,-63.35,-68.42,1.0,106.0,5.2,3577.0,119.0,S3,Unconsolidated sediments
BDIS3.1 ,-63.67,-66.61,1.01,125.0,5.2,3331.0,154.0,S3,Unconsolidated sediments
BDIS3.2 ,-63.67,-66.62,0.97,119.0,5.2,3337.0,141.0,S3,Unconsolidated sediments
BDIS3.3 ,-63.67,-66.6,1.03,116.0,5.2,3329.0,147.0,S3,Unconsolidated sediments
BDIS3.4 ,-63.69,-66.61,1.05,130.0,5.2,3340.0,167.0,S3,Unconsolidated sediments
BDIS3.6 ,-63.69,-66.54,0.86,135.0,5.2,3309.0,141.0,S3,Unconsolidated sediments
BDIS3.7 ,-63.69,-66.53,0.93,126.0,5.2,3308.0,143.0,S3,Unconsolidated sediments
BDIS5.1 ,-63.75,-66.41,0.97,150.0,3.0,3294.0,178.0,S3,Unconsolidated sediments
BDIS5.2 ,-63.75,-66.41,0.97,147.0,2.2,3294.0,174.0,S3,Unconsolidated sediments
BDIS6.1 ,-63.82,-66.35,0.97,64.0,1.5,3075.0,77.0,S1,Unconsolidated sediments
BDIS7A.3,-64.38,-66.77,1.02,96.0,2.2,480.0,122.0,S1,Unconsolidated sediments
BDIS7A.4,-64.38,-66.76,1.08,65.0,2.2,490.0,89.0,S1,Unconsolidated sediments
BDIS7A.5,-64.38,-66.76,1.08,38.0,3.0,490.0,44.0,S1,Unconsolidated sediments
BDIS7A.6,-64.38,-66.76,1.04,28.0,2.2,490.0,31.0,S1,Unconsolidated sediments
BDIS7A.7,-64.38,-66.75,1.1,40.0,1.5,494.0,63.0,S1,Unconsolidated sediments
BDIS7A.8,-64.39,-66.73,0.95,56.0,1.5,516.0,103.0,S1,Unconsolidated sediments
BDIS7B.10 ,-64.37,-66.61,0.99,97.0,3.0,534.0,109.0,S1,Unconsolidated sediments
BDIS7B.11 ,-64.37,-66.61,1.03,81.0,3.0,534.0,104.0,S1,Unconsolidated sediments
BDIS7B.12 ,-64.37,-66.6,1.02,55.0,2.2,534.0,89.0,S1,Unconsolidated sediments
BDIS7B.13 ,-64.37,-66.64,0.92,77.0,3.0,535.0,60.0,S1,Unconsolidated sediments
BDIS7B.14 ,-64.37,-66.64,0.98,85.0,3.0,534.0,75.0,S1,Unconsolidated sediments
BDIS7B.15 ,-64.37,-66.65,0.9,61.0,3.0,535.0,90.0,S1,Unconsolidated sediments
BDIS7B.16 ,-64.37,-66.66,0.95,66.0,2.2,535.0,59.0,S1,Unconsolidated sediments
BDIS7B.17 ,-64.37,-66.67,0.95,45.0,1.5,535.0,88.0,S1,Unconsolidated sediments
BDIS7B.19 ,-64.37,-66.67,0.93,65.0,1.5,535.0,54.0,S1,Unconsolidated sediments
BDIS7B.9,-64.37,-66.62,0.99,103.0,1.5,534.0,86.0,S1,Unconsolidated sediments
HF1 ,-74.5087,-134.1226,1.0,38.0,2.8,893.0,38.0,S1,Unconsolidated sediments
HF2 ,-74.8332,-103.499,0.9395604395604397,18.2,2.8,1021.0,17.1,S1,Unconsolidated sediments
HF3 ,-74.7413,-104.3923,0.9401709401709403,11.7,2.8,1104.0,11.0,S1,Unconsolidated sediments
HF4 ,-74.7473,-105.2005,0.9396226415094339,26.5,2.8,1302.0,24.9,S1,Unconsolidated sediments
HF5 ,-74.6696,-106.6065,0.9398734177215189,31.6,2.8,1184.0,29.7,S1,Unconsolidated sediments
HF6 ,-74.6017,-106.6113,0.9398907103825137,54.9,2.8,1353.0,51.6,S1,Unconsolidated sediments
HF7 ,-74.3333,-106.0,0.9413919413919414,54.6,2.8,1386.0,51.4,S1,Unconsolidated sediments
HF8 ,-74.2088,-105.5499,0.9414414414414414,44.4,2.8,1644.0,41.8,S1,Unconsolidated sediments
HF9 ,-74.1388,-106.7303,0.9401408450704225,56.8,2.8,1468.0,53.4,S1,Unconsolidated sediments
HF10,-74.0015,-105.6923,0.940983606557377,30.5,2.8,1037.0,28.7,S1,Unconsolidated sediments
HF12,-74.0417,-106.1847,0.9393939393939394,33.0,2.8,1111.0,31.0,S1,Unconsolidated sediments
HF13,-73.5238,-106.2004,0.9393939393939393,46.2,2.8,806.0,43.4,S1,Unconsolidated sediments
HF14,-73.5286,-106.1978,0.9419087136929459,24.1,2.8,813.0,22.7,S1,Unconsolidated sediments
HF15,-73.5187,-106.2015,0.9416342412451362,25.7,2.8,814.0,24.2,S1,Unconsolidated sediments
HF16,-73.5209,-106.2015,0.9439252336448598,10.7,2.8,795.0,10.1,S1,Unconsolidated sediments
HF17,-73.5181,-106.2049,0.7787307032590052,58.3,2.8,795.0,45.4,S1,Unconsolidated sediments
HF18,-71.8796,-103.3874,0.9372937293729372,30.3,2.8,752.0,28.4,S1,Unconsolidated sediments
HF19,-71.7448,-103.3282,0.9400998336106489,60.1,2.8,768.0,56.5,S1,Unconsolidated sediments
HF20,-71.4534,-103.0007,0.9388489208633094,27.8,2.8,626.0,26.1,S1,Unconsolidated sediments
HF21,-71.0663,-102.3667,0.9382716049382716,32.4,2.8,1447.0,30.4,S1,Unconsolidated sediments
HF22,-71.8963,-105.6188,0.9409780775716695,59.3,2.8,496.0,55.8,S1,Unconsolidated sediments
HF23,-74.5342,-102.6117,0.9482758620689655,5.8,2.8,611.0,5.5,S1,Unconsolidated sediments
HF24,-74.6113,-105.8522,0.9358974358974359,15.6,2.8,626.0,14.6,S1,Unconsolidated sediments
HF25,-72.8327,-106.5022,0.9382352941176471,34.0,2.8,577.0,31.9,S1,Unconsolidated sediments
HF26,-70.3643,-113.9573,1.0,54.4,2.8,3496.0,54.4,S2,Unconsolidated sediments
HF1701,-74.931,-101.556,1.17,26.2,7.0,883.0,30.8,S1,Unconsolidated sediments
HF1702,-74.868,-100.711,1.17,30.2,9.7,700.0,35.4,S2,Unconsolidated sediments
HF1703,-74.986,-101.869,1.17,41.3,4.8,980.0,48.5,S1,Unconsolidated sediments
HF1704,-75.031,-101.939,1.17,44.6,3.6,950.0,52.4,S2,Unconsolidated sediments
HF1705,-74.942,-102.295,1.17,51.9,3.6,936.0,60.9,S1,Unconsolidated sediments
HF1706,-74.684,-101.622,1.17,94.9,1.8,345.0,111.4,S1,Unconsolidated sediments
HF1708,-74.838,-101.044,1.17,35.6,7.6,530.0,41.7,S2,Unconsolidated sediments
HF1709,-74.549,-102.586,1.17,25.2,3.0,600.0,29.5,S1,Unconsolidated sediments
HF1710,-74.803,-102.344,1.17,55.0,3.5,1000.0,64.5,S2,Unconsolidated sediments
HF1711,-74.359,-104.747,1.17,55.8,3.8,1384.0,65.4,S3,Unconsolidated sediments
HF1712,-74.355,-104.757,1.17,51.0,3.8,1387.0,59.8,S3,Unconsolidated sediments
HF1714,-72.891,-104.099,1.17,92.1,0.7,490.0,108.1,S1,Unconsolidated sediments
HF1716,-74.417,-103.005,1.17,97.6,3.8,740.0,114.6,S1,Unconsolidated sediments
HF1717,-74.416,-103.001,1.17,54.0,4.9,740.0,63.3,S3,Unconsolidated sediments
HF1718,-74.415,-102.998,1.17,57.5,4.9,740.0,67.5,S3,Unconsolidated sediments
HF1719,-74.414,-102.995,1.17,57.4,4.9,737.0,67.4,S3,Unconsolidated sediments
HF1720,-74.413,-102.992,1.17,59.4,4.9,740.0,69.7,S3,Unconsolidated sediments
HF1721,-74.412,-102.988,1.17,57.7,4.9,735.0,67.7,S3,Unconsolidated sediments
HF1722,-74.416,-102.987,1.17,65.4,4.9,735.0,76.7,S3,Unconsolidated sediments
HF1723,-74.33,-104.822,1.17,62.1,4.9,1400.0,72.9,S3,Unconsolidated sediments
HF1724,-74.331,-104.82,1.17,57.5,4.9,1395.0,67.5,S3,Unconsolidated sediments
HF1725,-74.34,-104.799,1.17,49.4,4.9,1388.0,58.0,S3,Unconsolidated sediments
HF1726,-74.349,-104.721,1.17,51.4,4.9,1405.0,60.3,S3,Unconsolidated sediments
HF1727,-74.355,-104.76,1.17,54.1,4.9,1385.0,63.5,S3,Unconsolidated sediments
HF1728,-74.349,-104.737,1.17,51.2,4.9,1453.0,60.1,S3,Unconsolidated sediments
HF1729,-73.297,-112.33,1.17,8.6,3.7,483.0,10.1,S1,Unconsolidated sediments
HF1901,-64.9855,-57.7694,1.33,104.51127819548871,1.9,444.0,139.0,S1,Unconsolidated sediments
HF1902,-64.0627,-56.1563,1.33,93.98496240601503,5.8,405.0,125.0,S1,Unconsolidated sediments
HF1903,-64.0497,-56.1361,1.33,94.73684210526315,7.7,415.0,126.0,S1,Unconsolidated sediments
HF1904,-62.3226,-51.6758,1.05,81.9047619047619,7.7,3196.0,86.0,S3,Unconsolidated sediments
HF1905,-63.0627,-54.3495,0.86,87.20930232558139,7.7,445.0,75.0,S1,Unconsolidated sediments
HF1906,-63.0812,-54.3276,0.86,90.69767441860465,7.7,415.0,78.0,S1,Unconsolidated sediments
HF1908,-60.9289,-46.5618,0.66,62.12121212121212,7.6,327.0,41.0,S1,Unconsolidated sediments
HF1909,-61.1236,-47.7338,0.95,72.63157894736842,7.6,2624.0,69.0,S3,Unconsolidated sediments
HF1910,-61.1239,-48.2835,0.86,86.04651162790698,7.6,2748.0,74.0,S3,Unconsolidated sediments
HF1911,-61.1224,-48.9201,1.05,15.238095238095237,7.6,2854.0,16.0,S3,Unconsolidated sediments
HF1912,-61.1683,-49.7056,0.96,73.95833333333334,7.6,2943.0,71.0,S3,Unconsolidated sediments
HF1914,-60.8382,-49.8366,0.96,57.29166666666667,7.6,2500.0,55.0,S3,Unconsolidated sediments
HF1915,-60.8523,-49.6517,0.96,58.333333333333336,7.6,2649.0,56.0,S3,Unconsolidated sediments
HF1916,-60.8477,-49.3972,1.43,23.776223776223777,7.6,2508.0,34.0,S3,Unconsolidated sediments
HF1917,-60.8476,-48.5034,1.33,35.338345864661655,4.6,2074.0,47.0,S2,Unconsolidated sediments
HF1918,-60.835,-48.2141,0.95,57.89473684210527,7.6,2576.0,55.0,S3,Unconsolidated sediments
HF1919,-60.8467,-47.6762,1.2,54.16666666666667,2.9,1969.0,65.0,S2,Unconsolidated sediments
Lake Whillans ,-84.24,-153.69,2.1,50.0,770.0,770.0,105.0,I1,Ice borehole
Ross Ice Shelf J-9 Hole,-79.364,-168.625,0.816,67.0,2.0,600.0,54.0,S1,Unconsolidated sediments
C8-58 ,-51.083,129.967,0.88,37.5,17.0,3442.0,33.0,S3,Unconsolidated sediments
V33-3 ,-56.217,134.017,0.63,20.634920634920636,9.0,4130.0,13.0,S1,Unconsolidated sediments
V33-4 ,-56.1,131.917,0.63,38.095238095238095,9.0,4402.0,24.0,S1,Unconsolidated sediments
V33-6 ,-54.483,119.933,0.64,14.0625,6.6,4029.0,9.0,S1,Unconsolidated sediments
V33-7 ,-54.467,122.9,0.63,55.55555555555556,6.6,4514.0,35.0,S3,Unconsolidated sediments
V33-8 ,-54.533,125.333,0.68,44.11764705882353,6.5,4679.0,30.0,S1,Unconsolidated sediments
U1532A,-68.6447,-107.525,1.8,54.0,116.0,150.0,97.2,R2,Bedrock borehole
CO8-42,-51.0667,60.3,0.65,75.0,8.0,4720.0,49.0,S3,Unconsolidated sediments
CO8-43,-53.0333,62.55,0.66,91.0,5.0,4430.0,60.0,S3,Unconsolidated sediments
CO8-45,-55.05,71.7833,0.69,93.0,8.0,3508.0,64.0,S1,Unconsolidated sediments
CO8-46,-53.2667,76.9167,0.69,80.0,9.0,1098.0,55.0,S3,Unconsolidated sediments
DSDP511 ,-51.005,-46.9717,0.84,74.0,61.0,2500.0,62.0,S2,Unconsolidated sediments
VUL5-3,-57.1833,-29.1083,0.71,190.0,4.0,3357.0,134.0,S2,Unconsolidated sediments
VUL5-4,-57.1883,-29.105,0.71,200.0,3.0,3353.0,143.0,S2,Unconsolidated sediments
VUL5-5,-57.1833,-29.1033,0.71,200.0,3.0,3353.0,145.0,S2,Unconsolidated sediments
VUL5-7,-57.2117,-29.2033,0.71,30.0,4.0,3361.0,17.0,S2,Unconsolidated sediments
VUL5-8,-57.2167,-29.2033,0.71,30.0,4.0,3361.0,18.0,S2,Unconsolidated sediments
VUL5-9,-57.225,-29.225,0.71,30.0,4.0,3363.0,23.0,S2,Unconsolidated sediments
VUL5-11 ,-57.2167,-28.4667,0.71,190.0,2.0,3330.0,133.0,S1,Unconsolidated sediments
VUL5-12 ,-57.2483,-28.47,0.71,140.0,2.0,3334.0,99.0,S1,Unconsolidated sediments
VUL5-13 ,-57.245,-28.485,0.71,130.0,2.0,3334.0,94.0,S1,Unconsolidated sediments
VUL5-15 ,-56.9183,-28.44,0.71,200.0,1.0,3277.0,139.0,S1,Unconsolidated sediments
VUL5-16 ,-56.9167,-28.4,0.71,190.0,1.0,3290.0,134.0,S1,Unconsolidated sediments
VUL5-17 ,-56.9167,-28.515,0.71,140.0,1.0,3340.0,102.0,S1,Unconsolidated sediments
CH74-36 ,-54.7033,-2.0917,0.84,89.0,10.0,3140.0,74.0,S2,Unconsolidated sediments
CH74-39 ,-55.3383,-1.5983,0.84,20.0,2.5,4010.0,17.0,S1,Unconsolidated sediments
CH74-40 ,-56.025,-4.5467,0.84,232.0,2.5,2204.0,194.0,S1,Unconsolidated sediments
CH74-42 ,-55.395,-2.02,0.84,267.0,2.0,2310.0,223.0,S1,Unconsolidated sediments
CH74-45A,-55.13,0.2933,0.84,204.0,2.5,3000.0,171.0,S1,Unconsolidated sediments
CH74-45B,-55.13,0.2933,0.84,199.0,2.5,3000.0,167.0,S1,Unconsolidated sediments
CH74-49A,-54.18,2.1867,0.84,88.0,2.0,4790.0,74.0,S1,Unconsolidated sediments
CH74-49B,-54.18,2.1867,0.84,71.0,2.0,4790.0,59.0,S1,Unconsolidated sediments
CH74-50 ,-54.21,4.075,0.84,84.0,2.0,1960.0,70.0,S1,Unconsolidated sediments
CH74-51 ,-52.3283,6.5017,0.84,66.0,10.0,3690.0,55.0,S2,Unconsolidated sediments
CH74-52A,-52.285,6.5633,0.84,18.0,2.5,3580.0,15.0,S1,Unconsolidated sediments
CH74-52B,-52.285,6.5633,0.84,13.0,2.5,3580.0,11.0,S1,Unconsolidated sediments
CH74-52C,-52.285,6.5633,0.84,18.0,2.5,3580.0,15.0,S1,Unconsolidated sediments
CH74-53A,-51.56,7.7367,0.84,21.0,2.5,3640.0,17.0,S1,Unconsolidated sediments
CH74-53B,-51.56,7.7367,0.84,20.0,2.5,3640.0,17.0,S1,Unconsolidated sediments
U1524 ,-74.2175,-173.633,0.93,58.0,85.5,137.0,53.7,R2,Bedrock borehole
ANDRILL AND-1B,-77.8894,167.0893,1.5,67.7,1285.0,1285.0,115.0,R3,Bedrock borehole
JARE22-2,-69.2233,38.82,1.1,1.0,1.0,778.0,9.0,R1,Bedrock borehole
JARE22-3,-69.3433,39.6067,0.99,186.0,1.0,668.0,184.0,R1,Bedrock borehole
JARE22-4,-69.375,39.6817,0.96,197.0,1.0,683.0,190.0,R1,Bedrock borehole
JARE22-5,-69.0067,39.6633,0.94,53.0,1.0,537.0,50.0,R1,Bedrock borehole
113-690B,-65.161,1.2049,1.44,17.0,84.0,84.0,45.0,R1,Bedrock borehole
113-695A,-62.4,-43.45,1.14,50.0,313.0,313.0,64.0,R2,Bedrock borehole
Hut Point Peninsula,-77.83,166.675,1.73,79.7,5.9,7.5,164.0,R1,Bedrock borehole
Pram Point at Scott Base,-77.85,166.8,2.092,70.5,0.6,0.9,167.47,,Electrical resistivity
ANDRILL AND-2A,-77.7581,165.2767,1.57,51.9,1138.0,1138.0,81.5,R3,Bedrock borehole
Fuego ,-54.0,-69.0,3.01,32.0,2463.0,2463.0,96.0,R3,Bedrock borehole
CIROS-1 ,-77.0893,164.4989,2.0,40.0,450.0,600.0,80.0,R2,Bedrock borehole
