case,source,P,V,A,rho,k,Lv,dT,Pi,Pore
lpbf_porosity,Al2024,400.0,1.0,0.04,2500.0,85.5,12200000.0,1887.0,18.74751855972713,0.0
lpbf_porosity,Al2024,400.0,1.5,0.04,2500.0,85.5,12200000.0,1887.0,28.121277839590693,0.0
lpbf_porosity,Al2024,400.0,2.0,0.04,2500.0,85.5,12200000.0,1887.0,37.49503711945426,0.0
lpbf_porosity,Al2024,400.0,2.5,0.04,2500.0,85.5,12200000.0,1887.0,46.86879639931782,0.0
lpbf_porosity,Al2024,400.0,3.0,0.04,2500.0,85.5,12200000.0,1887.0,56.242555679181386,0.0
lpbf_porosity,Al2024,400.0,3.5,0.04,2500.0,85.5,12200000.0,1887.0,65.61631495904496,0.0
lpbf_porosity,Al2024,400.0,4.0,0.04,2500.0,85.5,12200000.0,1887.0,74.99007423890852,0.0
lpbf_porosity,Al2024,400.0,5.0,0.04,2500.0,85.5,12200000.0,1887.0,93.73759279863565,0.0
lpbf_porosity,Al2024,600.0,1.0,0.04,2500.0,85.5,12200000.0,1887.0,28.121277839590693,0.0017
lpbf_porosity,Al2024,600.0,1.5,0.04,2500.0,85.5,12200000.0,1887.0,42.18191675938604,0.0
lpbf_porosity,Al2024,600.0,2.0,0.04,2500.0,85.5,12200000.0,1887.0,56.242555679181386,0.0
lpbf_porosity,Al2024,600.0,2.5,0.04,2500.0,85.5,12200000.0,1887.0,70.30319459897673,0.0
lpbf_porosity,Al2024,600.0,3.0,0.04,2500.0,85.5,12200000.0,1887.0,84.36383351877208,0.0
lpbf_porosity,Al2024,600.0,3.5,0.04,2500.0,85.5,12200000.0,1887.0,98.42447243856743,0.0
lpbf_porosity,Al2024,600.0,4.0,0.04,2500.0,85.5,12200000.0,1887.0,112.48511135836277,0.0
lpbf_porosity,Al2024,600.0,4.5,0.04,2500.0,85.5,12200000.0,1887.0,126.54575027815812,0.0
lpbf_porosity,Al2024,600.0,5.0,0.04,2500.0,85.5,12200000.0,1887.0,140.60638919795346,0.0
lpbf_porosity,Al2024,800.0,1.0,0.04,2500.0,85.5,12200000.0,1887.0,37.49503711945426,0.0253
lpbf_porosity,Al2024,800.0,1.5,0.04,2500.0,85.5,12200000.0,1887.0,56.242555679181386,0.059
lpbf_porosity,Al2024,800.0,2.0,0.04,2500.0,85.5,12200000.0,1887.0,74.99007423890852,0.00107
lpbf_porosity,Al2024,800.0,2.5,0.04,2500.0,85.5,12200000.0,1887.0,93.73759279863565,0.0
lpbf_porosity,Al2024,800.0,3.0,0.04,2500.0,85.5,12200000.0,1887.0,112.48511135836277,0.0
lpbf_porosity,Al2024,800.0,3.5,0.04,2500.0,85.5,12200000.0,1887.0,131.2326299180899,0.0
lpbf_porosity,Al2024,800.0,4.0,0.04,2500.0,85.5,12200000.0,1887.0,149.98014847781704,0.0
lpbf_porosity,Al2024,800.0,4.5,0.04,2500.0,85.5,12200000.0,1887.0,168.72766703754417,0.0
lpbf_porosity,Al2024,800.0,5.0,0.04,2500.0,85.5,12200000.0,1887.0,187.4751855972713,0.0
lpbf_porosity,Al2024,1000.0,1.0,0.04,2500.0,85.5,12200000.0,1887.0,46.86879639931782,0.0186
lpbf_porosity,Al2024,1000.0,1.5,0.04,2500.0,85.5,12200000.0,1887.0,70.30319459897673,0.0377
lpbf_porosity,Al2024,1000.0,2.0,0.04,2500.0,85.5,12200000.0,1887.0,93.73759279863565,0.236
lpbf_porosity,Al2024,1000.0,2.5,0.04,2500.0,85.5,12200000.0,1887.0,117.17199099829456,0.0138
lpbf_porosity,Al2024,1000.0,3.0,0.04,2500.0,85.5,12200000.0,1887.0,140.60638919795346,0.0
lpbf_porosity,Al2024,1000.0,3.5,0.04,2500.0,85.5,12200000.0,1887.0,164.04078739761238,0.0
lpbf_porosity,Al2024,1000.0,4.0,0.04,2500.0,85.5,12200000.0,1887.0,187.4751855972713,0.00293
lpbf_porosity,Al2024,1000.0,4.5,0.04,2500.0,85.5,12200000.0,1887.0,210.9095837969302,0.0
lpbf_porosity,Al2024,1000.0,5.0,0.04,2500.0,85.5,12200000.0,1887.0,234.34398199658912,0.00491
lpbf_porosity,Al6061,100.0,1.0,0.04,2415.0,90.0,12200000.0,1877.0,4.129746492288426,0.0
lpbf_porosity,Al6061,200.0,1.0,0.04,2415.0,90.0,12200000.0,1877.0,8.259492984576852,0.0
lpbf_porosity,Al6061,100.0,1.5,0.04,2415.0,90.0,12200000.0,1877.0,6.194619738432639,0.0
lpbf_porosity,Al6061,200.0,1.5,0.04,2415.0,90.0,12200000.0,1877.0,12.389239476865278,0.0
lpbf_porosity,Al6061,100.0,2.0,0.04,2415.0,90.0,12200000.0,1877.0,8.259492984576852,0.0
lpbf_porosity,Al6061,200.0,2.0,0.04,2415.0,90.0,12200000.0,1877.0,16.518985969153704,0.0
lpbf_porosity,Al6061,1000.0,6.0,0.04,2415.0,90.0,12200000.0,1877.0,247.78478953730556,0.33
lpbf_porosity,Al6061,800.0,6.0,0.04,2415.0,90.0,12200000.0,1877.0,198.22783162984445,0.044
lpbf_porosity,Al6061,600.0,6.0,0.04,2415.0,90.0,12200000.0,1877.0,148.67087372238333,0.0305
lpbf_porosity,Al6061,1000.0,7.0,0.04,2415.0,90.0,12200000.0,1877.0,289.0822544601898,0.536
lpbf_porosity,Al6061,800.0,7.0,0.04,2415.0,90.0,12200000.0,1877.0,231.26580356815185,0.1605
lpbf_porosity,Al6061,600.0,7.0,0.04,2415.0,90.0,12200000.0,1877.0,173.44935267611388,0.059
lpbf_porosity,Al6061,800.0,7.5,0.04,2415.0,90.0,12200000.0,1877.0,247.78478953730556,0.27
lpbf_porosity,Al6061,600.0,7.5,0.04,2415.0,90.0,12200000.0,1877.0,185.83859215297917,0.0
lpbf_porosity,Cu,400.0,1.0,0.12,7960.0,146.0,5310000.0,1477.0,43.62968967616188,0.0
lpbf_porosity,Cu,400.0,1.5,0.12,7960.0,146.0,5310000.0,1477.0,65.44453451424283,0.0
lpbf_porosity,Cu,400.0,2.0,0.12,7960.0,146.0,5310000.0,1477.0,87.25937935232376,0.0
lpbf_porosity,Cu,400.0,2.5,0.12,7960.0,146.0,5310000.0,1477.0,109.0742241904047,0.0
lpbf_porosity,Cu,400.0,3.0,0.12,7960.0,146.0,5310000.0,1477.0,130.88906902848566,0.0
lpbf_porosity,Cu,400.0,3.5,0.12,7960.0,146.0,5310000.0,1477.0,152.70391386656658,0.0
lpbf_porosity,Cu,400.0,4.0,0.12,7960.0,146.0,5310000.0,1477.0,174.51875870464752,0.0
lpbf_porosity,Cu,400.0,5.0,0.12,7960.0,146.0,5310000.0,1477.0,218.1484483808094,0.0
lpbf_porosity,Cu,600.0,1.0,0.12,7960.0,146.0,5310000.0,1477.0,65.44453451424283,0.0
lpbf_porosity,Cu,600.0,1.5,0.12,7960.0,146.0,5310000.0,1477.0,98.16680177136423,0.0
lpbf_porosity,Cu,600.0,2.0,0.12,7960.0,146.0,5310000.0,1477.0,130.88906902848566,0.024
lpbf_porosity,Cu,600.0,2.5,0.12,7960.0,146.0,5310000.0,1477.0,163.61133628560705,0.0
lpbf_porosity,Cu,600.0,3.0,0.12,7960.0,146.0,5310000.0,1477.0,196.33360354272847,0.0
lpbf_porosity,Cu,600.0,3.5,0.12,7960.0,146.0,5310000.0,1477.0,229.05587079984988,0.0
lpbf_porosity,Cu,600.0,4.0,0.12,7960.0,146.0,5310000.0,1477.0,261.77813805697133,0.0
lpbf_porosity,Cu,600.0,4.5,0.12,7960.0,146.0,5310000.0,1477.0,294.5004053140927,0.0
lpbf_porosity,Cu,600.0,5.0,0.12,7960.0,146.0,5310000.0,1477.0,327.2226725712141,0.0
lpbf_porosity,Cu,800.0,1.0,0.12,7960.0,146.0,5310000.0,1477.0,87.25937935232376,0.000591
lpbf_porosity,Cu,800.0,1.5,0.12,7960.0,146.0,5310000.0,1477.0,130.88906902848566,0.000183
lpbf_porosity,Cu,800.0,2.0,0.12,7960.0,146.0,5310000.0,1477.0,174.51875870464752,0.0
lpbf_porosity,Cu,800.0,2.5,0.12,7960.0,146.0,5310000.0,1477.0,218.1484483808094,0.0
lpbf_porosity,Cu,800.0,3.0,0.12,7960.0,146.0,5310000.0,1477.0,261.77813805697133,0.00322
lpbf_porosity,Cu,800.0,3.5,0.12,7960.0,146.0,5310000.0,1477.0,305.40782773313316,0.0213
lpbf_porosity,Cu,800.0,4.0,0.12,7960.0,146.0,5310000.0,1477.0,349.03751740929505,0.126
lpbf_porosity,Cu,800.0,4.5,0.12,7960.0,146.0,5310000.0,1477.0,392.66720708545694,0.14
lpbf_porosity,Cu,800.0,5.0,0.12,7960.0,146.0,5310000.0,1477.0,436.2968967616188,0.0724
lpbf_porosity,Cu,1000.0,1.0,0.12,7960.0,146.0,5310000.0,1477.0,109.0742241904047,0.000652
lpbf_porosity,Cu,1000.0,1.5,0.12,7960.0,146.0,5310000.0,1477.0,163.61133628560705,0.000119
lpbf_porosity,Cu,1000.0,2.0,0.12,7960.0,146.0,5310000.0,1477.0,218.1484483808094,0.00212
lpbf_porosity,Cu,1000.0,2.5,0.12,7960.0,146.0,5310000.0,1477.0,272.68556047601174,0.0184
lpbf_porosity,Cu,1000.0,3.0,0.12,7960.0,146.0,5310000.0,1477.0,327.2226725712141,0.0348
lpbf_porosity,Cu,1000.0,3.5,0.12,7960.0,146.0,5310000.0,1477.0,381.75978466641646,0.0603
lpbf_porosity,Cu,1000.0,4.0,0.12,7960.0,146.0,5310000.0,1477.0,436.2968967616188,0.35
lpbf_porosity,Cu,1000.0,4.5,0.12,7960.0,146.0,5310000.0,1477.0,490.8340088568212,0.0606
lpbf_porosity,Cu,1000.0,5.0,0.12,7960.0,146.0,5310000.0,1477.0,545.3711209520235,0.671
lpbf_porosity,Cu,400.0,0.5,0.12,7960.0,146.0,5310000.0,1477.0,21.81484483808094,0.0009
lpbf_porosity,Cu,400.0,0.75,0.12,7960.0,146.0,5310000.0,1477.0,32.722267257121416,0.0
lpbf_porosity,Cu,600.0,0.75,0.12,7960.0,146.0,5310000.0,1477.0,49.08340088568212,0.0
lpbf_porosity,Cu,800.0,0.75,0.12,7960.0,146.0,5310000.0,1477.0,65.44453451424283,0.0008
lpbf_porosity,Cu,1000.0,0.75,0.12,7960.0,146.0,5310000.0,1477.0,81.80566814280353,0.0
lpbf_porosity,Cu,600.0,3.25,0.12,7960.0,146.0,5310000.0,1477.0,212.69473717128918,0.0
lpbf_porosity,Cu,600.0,3.75,0.12,7960.0,146.0,5310000.0,1477.0,245.4170044284106,0.0
lpbf_porosity,Cu,800.0,5.5,0.12,7960.0,146.0,5310000.0,1477.0,479.9265864377807,0.0364
lpbf_porosity,Cu,1000.0,5.5,0.12,7960.0,146.0,5310000.0,1477.0,599.9082330472258,0.4818
lpbf_porosity,Cu,1000.0,5.25,0.12,7960.0,146.0,5310000.0,1477.0,572.6396769996247,0.6554
lpbf_porosity,Cu,1000.0,5.75,0.12,7960.0,146.0,5310000.0,1477.0,627.1767890948271,0.5703
lpbf_porosity,Cu,800.0,6.0,0.12,7960.0,146.0,5310000.0,1477.0,523.5562761139427,0.0956
lpbf_porosity,Cu,1000.0,6.0,0.12,7960.0,146.0,5310000.0,1477.0,654.4453451424282,0.4459
lpbf_porosity,Cu,600.0,5.5,0.12,7960.0,146.0,5310000.0,1477.0,359.9449398283355,0.0
lpbf_porosity,Cu,1000.0,6.5,0.12,7960.0,146.0,5310000.0,1477.0,708.9824572376306,0.5262
lpbf_porosity,Cu,800.0,6.5,0.12,7960.0,146.0,5310000.0,1477.0,567.1859657901044,0.0565
lpbf_porosity,Cu,1000.0,7.0,0.12,7960.0,146.0,5310000.0,1477.0,763.5195693328329,0.5148
lpbf_porosity,Cu,800.0,7.0,0.12,7960.0,146.0,5310000.0,1477.0,610.8156554662663,0.0235
lpbf_porosity,Cu,1000.0,7.5,0.12,7960.0,146.0,5310000.0,1477.0,818.0566814280353,0.4583
lpbf_porosity,Cu,800.0,7.5,0.12,7960.0,146.0,5310000.0,1477.0,654.4453451424282,0.07617
lpbf_porosity,Cu,600.0,6.0,0.12,7960.0,146.0,5310000.0,1477.0,392.66720708545694,0.0
lpbf_porosity,Cu,400.0,5.5,0.12,7960.0,146.0,5310000.0,1477.0,239.96329321889036,0.0
lpbf_porosity,SS304,400.0,1.0,0.4,6900.0,28.0,7450000.0,1407.0,5299.331511056057,0.0
lpbf_porosity,SS304,400.0,1.5,0.4,6900.0,28.0,7450000.0,1407.0,7948.997266584086,0.0
lpbf_porosity,SS304,400.0,2.0,0.4,6900.0,28.0,7450000.0,1407.0,10598.663022112114,0.0
lpbf_porosity,SS304,400.0,2.5,0.4,6900.0,28.0,7450000.0,1407.0,13248.328777640143,0.0
lpbf_porosity,SS304,400.0,3.0,0.4,6900.0,28.0,7450000.0,1407.0,15897.994533168172,0.0
lpbf_porosity,SS304,400.0,3.5,0.4,6900.0,28.0,7450000.0,1407.0,18547.6602886962,0.00295
lpbf_porosity,SS304,400.0,4.0,0.4,6900.0,28.0,7450000.0,1407.0,21197.326044224228,0.00292
lpbf_porosity,SS304,400.0,5.0,0.4,6900.0,28.0,7450000.0,1407.0,26496.657555280286,0.0942
lpbf_porosity,SS304,600.0,1.0,0.4,6900.0,28.0,7450000.0,1407.0,7948.997266584086,0.0
lpbf_porosity,SS304,600.0,1.5,0.4,6900.0,28.0,7450000.0,1407.0,11923.495899876129,0.0
lpbf_porosity,SS304,600.0,2.0,0.4,6900.0,28.0,7450000.0,1407.0,15897.994533168172,0.0555
lpbf_porosity,SS304,600.0,2.5,0.4,6900.0,28.0,7450000.0,1407.0,19872.493166460215,0.0847
lpbf_porosity,SS304,600.0,3.0,0.4,6900.0,28.0,7450000.0,1407.0,23846.991799752257,0.384
lpbf_porosity,SS304,600.0,3.5,0.4,6900.0,28.0,7450000.0,1407.0,27821.4904330443,0.498
lpbf_porosity,SS304,600.0,4.0,0.4,6900.0,28.0,7450000.0,1407.0,31795.989066336344,0.685
lpbf_porosity,SS304,600.0,4.5,0.4,6900.0,28.0,7450000.0,1407.0,35770.487699628386,0.585
lpbf_porosity,SS304,600.0,5.0,0.4,6900.0,28.0,7450000.0,1407.0,39744.98633292043,0.703
lpbf_porosity,SS304,800.0,1.0,0.4,6900.0,28.0,7450000.0,1407.0,10598.663022112114,0.0
lpbf_porosity,SS304,800.0,1.5,0.4,6900.0,28.0,7450000.0,1407.0,15897.994533168172,0.0
lpbf_porosity,SS304,800.0,2.0,0.4,6900.0,28.0,7450000.0,1407.0,21197.326044224228,0.26
lpbf_porosity,SS304,800.0,2.5,0.4,6900.0,28.0,7450000.0,1407.0,26496.657555280286,0.496
lpbf_porosity,SS304,800.0,3.0,0.4,6900.0,28.0,7450000.0,1407.0,31795.989066336344,0.483
lpbf_porosity,SS304,800.0,3.5,0.4,6900.0,28.0,7450000.0,1407.0,37095.3205773924,0.845
lpbf_porosity,SS304,800.0,4.0,0.4,6900.0,28.0,7450000.0,1407.0,42394.652088448456,0.595
lpbf_porosity,SS304,800.0,4.5,0.4,6900.0,28.0,7450000.0,1407.0,47693.983599504514,0.492
lpbf_porosity,SS304,800.0,5.0,0.4,6900.0,28.0,7450000.0,1407.0,52993.31511056057,0.629
lpbf_porosity,SS304,1000.0,1.0,0.4,6900.0,28.0,7450000.0,1407.0,13248.328777640143,0.0
lpbf_porosity,SS304,1000.0,1.5,0.4,6900.0,28.0,7450000.0,1407.0,19872.493166460215,0.123
lpbf_porosity,SS304,1000.0,2.0,0.4,6900.0,28.0,7450000.0,1407.0,26496.657555280286,0.208
lpbf_porosity,SS304,1000.0,2.5,0.4,6900.0,28.0,7450000.0,1407.0,33120.82194410035,0.218
lpbf_porosity,SS304,1000.0,3.0,0.4,6900.0,28.0,7450000.0,1407.0,39744.98633292043,0.6
lpbf_porosity,SS304,1000.0,3.5,0.4,6900.0,28.0,7450000.0,1407.0,46369.1507217405,0.57
lpbf_porosity,SS304,1000.0,4.0,0.4,6900.0,28.0,7450000.0,1407.0,52993.31511056057,0.777
lpbf_porosity,SS304,1000.0,4.5,0.4,6900.0,28.0,7450000.0,1407.0,59617.47949938064,0.85
lpbf_porosity,SS304,1000.0,5.0,0.4,6900.0,28.0,7450000.0,1407.0,66241.6438882007,0.814
lpbf_porosity,SS304,800.0,0.5,0.4,6900.0,28.0,7450000.0,1407.0,5299.331511056057,0.0
lpbf_porosity,SS304,1000.0,0.5,0.4,6900.0,28.0,7450000.0,1407.0,6624.1643888200715,0.0
lpbf_porosity,SS304,100.0,0.75,0.4,6900.0,28.0,7450000.0,1407.0,993.6246583230107,0.0
lpbf_porosity,SS304,150.0,0.75,0.4,6900.0,28.0,7450000.0,1407.0,1490.436987484516,0.0
lpbf_porosity,SS304,200.0,0.75,0.4,6900.0,28.0,7450000.0,1407.0,1987.2493166460215,0.0
lpbf_porosity,SS304,400.0,0.75,0.4,6900.0,28.0,7450000.0,1407.0,3974.498633292043,0.0
lpbf_porosity,SS304,600.0,0.75,0.4,6900.0,28.0,7450000.0,1407.0,5961.747949938064,0.0
lpbf_porosity,SS304,800.0,0.75,0.4,6900.0,28.0,7450000.0,1407.0,7948.997266584086,0.0
lpbf_porosity,SS304,1000.0,0.75,0.4,6900.0,28.0,7450000.0,1407.0,9936.246583230108,0.0
lpbf_porosity,SS304,100.0,1.0,0.4,6900.0,28.0,7450000.0,1407.0,1324.8328777640143,0.0
lpbf_porosity,SS304,200.0,1.0,0.4,6900.0,28.0,7450000.0,1407.0,2649.6657555280285,0.0
lpbf_porosity,SS304,100.0,1.5,0.4,6900.0,28.0,7450000.0,1407.0,1987.2493166460215,0.0
lpbf_porosity,SS304,150.0,1.5,0.4,6900.0,28.0,7450000.0,1407.0,2980.873974969032,0.0
lpbf_porosity,SS304,200.0,1.5,0.4,6900.0,28.0,7450000.0,1407.0,3974.498633292043,0.0
lpbf_porosity,SS304,200.0,2.0,0.4,6900.0,28.0,7450000.0,1407.0,5299.331511056057,0.0
lpbf_porosity,SS304,400.0,5.25,0.4,6900.0,28.0,7450000.0,1407.0,27821.4904330443,0.04155
lpbf_porosity,SS304,400.0,5.5,0.4,6900.0,28.0,7450000.0,1407.0,29146.323310808315,0.1318
lpbf_porosity,SS304,400.0,5.75,0.4,6900.0,28.0,7450000.0,1407.0,30471.156188572328,0.1797
lpbf_porosity,SS304,400.0,6.0,0.4,6900.0,28.0,7450000.0,1407.0,31795.989066336344,0.1055
lpbf_porosity,SS304,400.0,7.0,0.4,6900.0,28.0,7450000.0,1407.0,37095.3205773924,0.3551
lpbf_porosity,SS304,400.0,7.5,0.4,6900.0,28.0,7450000.0,1407.0,39744.98633292043,0.61
lpbf_porosity,SS304,300.0,7.5,0.4,6900.0,28.0,7450000.0,1407.0,29808.73974969032,0.002515
lpbf_porosity,SS304,300.0,6.0,0.4,6900.0,28.0,7450000.0,1407.0,23846.991799752257,0.0
lpbf_porosity,SS304,200.0,0.5,0.4,6900.0,28.0,7450000.0,1407.0,1324.8328777640143,0.0
lpbf_porosity,SS304,400.0,0.5,0.4,6900.0,28.0,7450000.0,1407.0,2649.6657555280285,0.0
lpbf_porosity,SS304,600.0,0.5,0.4,6900.0,28.0,7450000.0,1407.0,3974.498633292043,0.0
lpbf_porosity,SS304,600.0,5.5,0.4,6900.0,28.0,7450000.0,1407.0,43719.48496621247,0.6063
lpbf_porosity,SS304,800.0,5.5,0.4,6900.0,28.0,7450000.0,1407.0,58292.64662161663,0.6587
lpbf_porosity,SS304,1000.0,5.5,0.4,6900.0,28.0,7450000.0,1407.0,72865.80827702078,0.6563
lpbf_porosity,SS304,400.0,6.0,0.4,6900.0,28.0,7450000.0,1407.0,31795.989066336344,0.2795
lpbf_porosity,SS304,600.0,6.0,0.4,6900.0,28.0,7450000.0,1407.0,47693.983599504514,0.5089
lpbf_porosity,SS304,800.0,6.0,0.4,6900.0,28.0,7450000.0,1407.0,63591.97813267269,0.6539
lpbf_porosity,SS304,1000.0,6.0,0.4,6900.0,28.0,7450000.0,1407.0,79489.97266584086,0.71622
lpbf_porosity,SS304,400.0,6.5,0.4,6900.0,28.0,7450000.0,1407.0,34445.65482186437,0.2079
lpbf_porosity,SS304,600.0,6.5,0.4,6900.0,28.0,7450000.0,1407.0,51668.48223279656,0.6923
lpbf_porosity,SS304,800.0,6.5,0.4,6900.0,28.0,7450000.0,1407.0,68891.30964372875,0.7328
lpbf_porosity,SS304,1000.0,6.5,0.4,6900.0,28.0,7450000.0,1407.0,86114.13705466093,0.7427
lpbf_porosity,SS304,1000.0,7.0,0.4,6900.0,28.0,7450000.0,1407.0,92738.301443481,0.747
lpbf_porosity,SS304,800.0,7.0,0.4,6900.0,28.0,7450000.0,1407.0,74190.6411547848,0.7197
lpbf_porosity,SS304,600.0,7.0,0.4,6900.0,28.0,7450000.0,1407.0,55642.9808660886,0.6273
lpbf_porosity,SS304,400.0,7.0,0.4,6900.0,28.0,7450000.0,1407.0,37095.3205773924,0.083
lpbf_porosity,Ti64,400.0,1.0,0.27,3920.0,33.4,9880000.0,1637.0,1399.189297869082,0.0
lpbf_porosity,Ti64,400.0,1.5,0.27,3920.0,33.4,9880000.0,1637.0,2098.783946803623,0.0
lpbf_porosity,Ti64,400.0,2.0,0.27,3920.0,33.4,9880000.0,1637.0,2798.378595738164,0.0
lpbf_porosity,Ti64,400.0,2.5,0.27,3920.0,33.4,9880000.0,1637.0,3497.9732446727057,0.0
lpbf_porosity,Ti64,400.0,3.0,0.27,3920.0,33.4,9880000.0,1637.0,4197.567893607246,0.0
lpbf_porosity,Ti64,400.0,3.5,0.27,3920.0,33.4,9880000.0,1637.0,4897.162542541788,0.0
lpbf_porosity,Ti64,400.0,4.0,0.27,3920.0,33.4,9880000.0,1637.0,5596.757191476328,0.0
lpbf_porosity,Ti64,400.0,5.0,0.27,3920.0,33.4,9880000.0,1637.0,6995.9464893454115,0.0
lpbf_porosity,Ti64,600.0,1.0,0.27,3920.0,33.4,9880000.0,1637.0,2098.783946803623,0.0
lpbf_porosity,Ti64,600.0,1.5,0.27,3920.0,33.4,9880000.0,1637.0,3148.175920205435,0.0
lpbf_porosity,Ti64,600.0,2.0,0.27,3920.0,33.4,9880000.0,1637.0,4197.567893607246,0.0206
lpbf_porosity,Ti64,600.0,2.5,0.27,3920.0,33.4,9880000.0,1637.0,5246.959867009058,0.0
lpbf_porosity,Ti64,600.0,3.0,0.27,3920.0,33.4,9880000.0,1637.0,6296.35184041087,0.00651
lpbf_porosity,Ti64,600.0,3.5,0.27,3920.0,33.4,9880000.0,1637.0,7345.743813812682,0.618
lpbf_porosity,Ti64,600.0,4.0,0.27,3920.0,33.4,9880000.0,1637.0,8395.135787214493,0.679
lpbf_porosity,Ti64,600.0,4.5,0.27,3920.0,33.4,9880000.0,1637.0,9444.527760616305,0.785
lpbf_porosity,Ti64,600.0,5.0,0.27,3920.0,33.4,9880000.0,1637.0,10493.919734018116,0.629
lpbf_porosity,Ti64,800.0,1.0,0.27,3920.0,33.4,9880000.0,1637.0,2798.378595738164,0.0
lpbf_porosity,Ti64,800.0,1.5,0.27,3920.0,33.4,9880000.0,1637.0,4197.567893607246,0.0
lpbf_porosity,Ti64,800.0,2.0,0.27,3920.0,33.4,9880000.0,1637.0,5596.757191476328,0.321
lpbf_porosity,Ti64,800.0,2.5,0.27,3920.0,33.4,9880000.0,1637.0,6995.9464893454115,0.438
lpbf_porosity,Ti64,800.0,3.0,0.27,3920.0,33.4,9880000.0,1637.0,8395.135787214493,0.715
lpbf_porosity,Ti64,800.0,3.5,0.27,3920.0,33.4,9880000.0,1637.0,9794.325085083576,0.707
lpbf_porosity,Ti64,800.0,4.0,0.27,3920.0,33.4,9880000.0,1637.0,11193.514382952657,0.574
lpbf_porosity,Ti64,800.0,4.5,0.27,3920.0,33.4,9880000.0,1637.0,12592.70368082174,0.69
lpbf_porosity,Ti64,800.0,5.0,0.27,3920.0,33.4,9880000.0,1637.0,13991.892978690823,0.809
lpbf_porosity,Ti64,1000.0,1.0,0.27,3920.0,33.4,9880000.0,1637.0,3497.9732446727057,0.0
lpbf_porosity,Ti64,1000.0,1.5,0.27,3920.0,33.4,9880000.0,1637.0,5246.959867009058,0.0
lpbf_porosity,Ti64,1000.0,2.0,0.27,3920.0,33.4,9880000.0,1637.0,6995.9464893454115,0.375
lpbf_porosity,Ti64,1000.0,2.5,0.27,3920.0,33.4,9880000.0,1637.0,8744.933111681765,0.537
lpbf_porosity,Ti64,1000.0,3.0,0.27,3920.0,33.4,9880000.0,1637.0,10493.919734018116,0.552
lpbf_porosity,Ti64,1000.0,3.5,0.27,3920.0,33.4,9880000.0,1637.0,12242.90635635447,0.715
lpbf_porosity,Ti64,1000.0,4.0,0.27,3920.0,33.4,9880000.0,1637.0,13991.892978690823,0.846
lpbf_porosity,Ti64,1000.0,4.5,0.27,3920.0,33.4,9880000.0,1637.0,15740.879601027174,0.665
lpbf_porosity,Ti64,1000.0,5.0,0.27,3920.0,33.4,9880000.0,1637.0,17489.86622336353,0.66
lpbf_porosity,Ti64,100.0,1.0,0.27,3920.0,33.4,9880000.0,1637.0,349.7973244672705,0.0
lpbf_porosity,Ti64,200.0,1.0,0.27,3920.0,33.4,9880000.0,1637.0,699.594648934541,0.0
lpbf_porosity,Ti64,100.0,1.5,0.27,3920.0,33.4,9880000.0,1637.0,524.6959867009058,0.0
lpbf_porosity,Ti64,200.0,1.5,0.27,3920.0,33.4,9880000.0,1637.0,1049.3919734018116,0.0
lpbf_porosity,Ti64,100.0,2.0,0.27,3920.0,33.4,9880000.0,1637.0,699.594648934541,0.0
lpbf_porosity,Ti64,200.0,2.0,0.27,3920.0,33.4,9880000.0,1637.0,1399.189297869082,0.0
lpbf_porosity,Ti64,1000.0,6.0,0.27,3920.0,33.4,9880000.0,1637.0,20987.839468036233,0.7775
lpbf_porosity,Ti64,800.0,6.0,0.27,3920.0,33.4,9880000.0,1637.0,16790.271574428985,0.6926
lpbf_porosity,Ti64,600.0,6.0,0.27,3920.0,33.4,9880000.0,1637.0,12592.70368082174,0.4798
lpbf_porosity,Ti64,400.0,6.0,0.27,3920.0,33.4,9880000.0,1637.0,8395.135787214493,0.002847
lpbf_porosity,Ti64,1000.0,7.0,0.27,3920.0,33.4,9880000.0,1637.0,24485.81271270894,0.718
lpbf_porosity,Ti64,800.0,7.0,0.27,3920.0,33.4,9880000.0,1637.0,19588.65017016715,0.8613
lpbf_porosity,Ti64,600.0,7.0,0.27,3920.0,33.4,9880000.0,1637.0,14691.487627625364,0.6425
lpbf_porosity,Ti64,400.0,7.0,0.27,3920.0,33.4,9880000.0,1637.0,9794.325085083576,0.01549
lpbf_porosity,Ti64,1000.0,7.5,0.27,3920.0,33.4,9880000.0,1637.0,26234.799335045293,0.722
